{"frames":{"weak":{"frame":{"x":0,"y":119,"w":65,"h":20},"rotated":false,"trimmed":false,"spriteSourceSize":{"x":0,"y":0,"w":65,"h":20},"sourceSize":{"w":65,"h":20}},"dangerous":{"frame":{"x":0,"y":0,"w":139,"h":27},"rotated":false,"trimmed":false,"spriteSourceSize":{"x":0,"y":0,"w":139,"h":27},"sourceSize":{"w":139,"h":27}},"loser":{"frame":{"x":83,"y":98,"w":73,"h":20},"rotated":false,"trimmed":false,"spriteSourceSize":{"x":0,"y":0,"w":73,"h":20},"sourceSize":{"w":73,"h":20}},"smart":{"frame":{"x":0,"y":98,"w":82,"h":20},"rotated":false,"trimmed":false,"spriteSourceSize":{"x":0,"y":0,"w":82,"h":20},"sourceSize":{"w":82,"h":20}},"stupid":{"frame":{"x":79,"y":49,"w":78,"h":25},"rotated":false,"trimmed":false,"spriteSourceSize":{"x":0,"y":0,"w":78,"h":25},"sourceSize":{"w":78,"h":25}},"terrific":{"frame":{"x":0,"y":77,"w":103,"h":20},"rotated":false,"trimmed":false,"spriteSourceSize":{"x":0,"y":0,"w":103,"h":20},"sourceSize":{"w":103,"h":20}},"tough":{"frame":{"x":0,"y":49,"w":78,"h":27},"rotated":false,"trimmed":false,"spriteSourceSize":{"x":0,"y":0,"w":78,"h":27},"sourceSize":{"w":78,"h":27}},"tremendous":{"frame":{"x":0,"y":28,"w":162,"h":20},"rotated":false,"trimmed":false,"spriteSourceSize":{"x":0,"y":0,"w":162,"h":20},"sourceSize":{"w":162,"h":20}}},"meta":{"app":"https://www.leshylabs.com/apps/sstool/","version":"Leshy SpriteSheet Tool v0.8.4","image":"trumpthots.png","size":{"w":162,"h":139},"scale":1}}